{"cameraMode":{"drawMode":0,"name":"Shaded","section":"Shading Mode"},"sceneLighting":true,"audioPlay":false,"sceneViewState":{"m_AlwaysRefresh":false,"showFog":true,"showSkybox":true,"showFlares":true,"showImageEffects":true,"showParticleSystems":true,"showVisualEffectGraphs":true,"m_FxEnabled":true},"in2DMode":false,"pivot":{"x":61.26581954956055,"y":10.681415557861329,"z":-45.24211883544922},"rotation":{"x":-0.18498975038528443,"y":-0.05067445710301399,"z":0.009557070210576058,"w":-0.981394350528717},"size":2.5128684043884279,"orthographic":false}