{"cameraMode":{"drawMode":0,"name":"Shaded","section":"Shading Mode"},"sceneLighting":true,"audioPlay":false,"sceneViewState":{"m_AlwaysRefresh":false,"showFog":true,"showSkybox":true,"showFlares":true,"showImageEffects":true,"showParticleSystems":true,"showVisualEffectGraphs":true,"m_FxEnabled":true},"in2DMode":false,"pivot":{"x":-11.801248550415039,"y":1.0688600540161133,"z":1.9962892532348633},"rotation":{"x":-0.05127828195691109,"y":-0.020061910152435304,"z":0.001036886009387672,"w":-0.9984902739524841},"size":4.3317060470581059,"orthographic":false}