{"cameraMode":{"drawMode":0,"name":"Shaded","section":"Shading Mode"},"sceneLighting":true,"audioPlay":false,"sceneViewState":{"m_AlwaysRefresh":false,"showFog":true,"showSkybox":true,"showFlares":true,"showImageEffects":true,"showParticleSystems":true,"showVisualEffectGraphs":true,"m_FxEnabled":true},"in2DMode":false,"pivot":{"x":-3.1073760986328127,"y":1.1212267875671387,"z":1.6509466171264649},"rotation":{"x":-0.05127828195691109,"y":-0.020061910152435304,"z":0.001036886009387672,"w":-0.9984902739524841},"size":3.9483399391174318,"orthographic":false}